Modèle,R²/Accuracy,MAE
Coût (Régression),0.9865810014846682,2522.4790442006815
Type (Classification),0.9455782312925171,
Risque (Classification),0.9523809523809523,
Élimination (Classification),0.8843537414965986,
