{
    "LinearRegression": {
        "RMSE": 14439.81924754206,
        "R2": 0.7541158551302454,
        "MAE": 11220.592237272138
    },
    "RandomForest": {
        "RMSE": 11492.574274372026,
        "R2": 0.8442451245162208,
        "MAE": 6813.226417120181
    },
    "GradientBoosting": {
        "RMSE": 11035.469740556828,
        "R2": 0.8563886846131654,
        "MAE": 7058.141498762319
    },
    "SVR": {
        "RMSE": 30969.794501503482,
        "R2": -0.13105483037395693,
        "MAE": 23896.171693474884
    }
}